id,title,programme,opening_date,deadline,funding_amount,funding_source,official_link,eligible_applicants,partnership_requirements,other_requirements,summary,themes,relevance_score,relevance_category,relevance_explanation,deadline_status
sudoe-3rd-call,3rd call,Interreg Sudoe,2026-05-04,2026-05-04,"€1,000,000",Interreg Sudoe,https://interreg-sudoe.eu/en/3rd-call/,Entidades públicas; Entidades privadas sem fins lucrativos,"Parceria transnacional com pelo menos um beneficiário de Portugal, Espanha e França; confirmar os requisitos no aviso oficial.",Financiamento FEDER até 75%; candidatura em parceria transnacional.,"Launch of the 3rd Interreg Sudoe call: Focus on capitalisation Following two standard calls for projects that supported 76 transnational projects, the Interreg Sudoe programme is launching its third call for proposals, fully focused on capitalisation , with the aim of enhancing the visibility of results from previous calls.",climate; community_development; digital_public_services; environment; inclusion; public_space,100,Altamente relevante,"Esta oportunidade é relevante porque aceita autarquias ou entidades públicas como candidatas, incide em temas relevantes para políticas locais, tem prazo próximo.",Prazo ultrapassado
sudoe-4th-call,4th call,Interreg Sudoe,2026-05-04,2026-05-04,"",Interreg Sudoe,https://interreg-sudoe.eu/en/4th-call/,Entidades públicas; Entidades privadas sem fins lucrativos,"Parceria transnacional com pelo menos um beneficiário de Portugal, Espanha e França; confirmar os requisitos no aviso oficial.",Financiamento FEDER até 75%; candidatura em parceria transnacional.,"Taking action against wildfires and population ageing Following the increase in ERDF funding granted by the European Commission in 2023, the Interreg Sudoe programme is launching a fourth call dedicated to structuring projects. The objective is to provide ambitious transnational solutions to two major challenges in the south‑west European area.",climate; community_development; environment; inclusion; public_space,100,Altamente relevante,"Esta oportunidade é relevante porque aceita autarquias ou entidades públicas como candidatas, incide em temas relevantes para políticas locais, tem prazo próximo.",Prazo ultrapassado
eu-ft-horizon-cl6-2026-01-circbio-04,"Demonstrating and deploying innovative collection, sorting-for-reuse and repair systems for textiles at city/region level (Circular Cities and Regions Initiative topic)",Horizon Europe,2026-04-17,2026-09-17,"€10,000,000 total; até €5,000,000/projeto",EU Funding & Tenders Portal,https://ec.europa.eu/info/funding-tenders/opportunities/portal/screen/opportunities/topic-details/horizon-cl6-2026-01-circbio-04,Municípios ou autoridades locais,O texto da oportunidade indica requisitos de consórcio ou parceria; confirmar no aviso oficial.,"","Demonstrating and deploying innovative collection, sorting-for-reuse and repair systems for textiles at city/region level (Circular Cities and Regions Initiative topic)",climate; community_development; environment; equality; inclusion; public_space,100,Altamente relevante,"Esta oportunidade é relevante porque aceita autarquias ou entidades públicas como candidatas, incide em temas relevantes para políticas locais.",Prazo com margem
eu-ft-horizon-miss-2026-01-clima-05,Demonstrating solutions to protect and preserve cultural heritage from the impacts of climate change,Horizon Europe,2026-02-04,2026-09-23,"€21,000,000 total; até €7,000,000/projeto",EU Funding & Tenders Portal,https://ec.europa.eu/info/funding-tenders/opportunities/portal/screen/opportunities/topic-details/horizon-miss-2026-01-clima-05,Municípios ou autoridades locais,O texto da oportunidade indica requisitos de consórcio ou parceria; confirmar no aviso oficial.,"",Demonstrating solutions to protect and preserve cultural heritage from the impacts of climate change,accessibility; climate; community_development; environment; inclusion,100,Altamente relevante,"Esta oportunidade é relevante porque aceita autarquias ou entidades públicas como candidatas, incide em temas relevantes para políticas locais.",Prazo com margem
eu-ft-horizon-cl3-2026-01-drs-01,Designing new ways of risk awareness and enhanced disaster preparedness,Horizon Europe,2026-05-06,2026-11-05,"€6,000,000 total; até €3,000,000/projeto",EU Funding & Tenders Portal,https://ec.europa.eu/info/funding-tenders/opportunities/portal/screen/opportunities/topic-details/horizon-cl3-2026-01-drs-01,Entidades públicas,O texto da oportunidade indica requisitos de consórcio ou parceria; confirmar no aviso oficial.,"",Designing new ways of risk awareness and enhanced disaster preparedness,accessibility; climate; community_development; digital_public_services; inclusion; volunteering,100,Altamente relevante,"Esta oportunidade é relevante porque aceita autarquias ou entidades públicas como candidatas, incide em temas relevantes para políticas locais.",Prazo com margem
eu-ft-horizon-cl3-2026-01-fct-05,Enhancing the security of citizens against terrorism and lone-actor violence in confined spaces such as schools,Horizon Europe,2026-05-06,2026-11-05,"€9,670,000 total; até €4,835,000/projeto",EU Funding & Tenders Portal,https://ec.europa.eu/info/funding-tenders/opportunities/portal/screen/opportunities/topic-details/horizon-cl3-2026-01-fct-05,Entidades públicas,O texto da oportunidade indica requisitos de consórcio ou parceria; confirmar no aviso oficial.,"",Enhancing the security of citizens against terrorism and lone-actor violence in confined spaces such as schools,accessibility; civic_participation; environment; equality; inclusion; public_space,100,Altamente relevante,"Esta oportunidade é relevante porque aceita autarquias ou entidades públicas como candidatas, incide em temas relevantes para políticas locais.",Prazo com margem
eu-ft-horizon-neb-2026-01-participation-01,Addressing homelessness through housing-led approaches aligned with the New European Bauhaus,Horizon Europe,2026-05-05,2026-12-01,"€12,600,000 total; até €6,300,000/projeto",EU Funding & Tenders Portal,https://ec.europa.eu/info/funding-tenders/opportunities/portal/screen/opportunities/topic-details/horizon-neb-2026-01-participation-01,Municípios ou autoridades locais,O texto da oportunidade indica requisitos de consórcio ou parceria; confirmar no aviso oficial.,"",Addressing homelessness through housing-led approaches aligned with the New European Bauhaus,accessibility; civic_participation; climate; community_development; digital_public_services; environment; equality; inclusion; mobility; public_space,100,Altamente relevante,"Esta oportunidade é relevante porque aceita autarquias ou entidades públicas como candidatas, incide em temas relevantes para políticas locais.",Prazo com margem
eu-ft-horizon-neb-2026-01-regen-02,Advancing sustainable maintenance and repair measures for existing buildings,Horizon Europe,2026-05-05,2026-12-01,"€10,000,000 total; até €5,000,000/projeto",EU Funding & Tenders Portal,https://ec.europa.eu/info/funding-tenders/opportunities/portal/screen/opportunities/topic-details/horizon-neb-2026-01-regen-02,Municípios ou autoridades locais,"","",Advancing sustainable maintenance and repair measures for existing buildings,accessibility; climate; community_development; environment; inclusion; public_space,100,Altamente relevante,"Esta oportunidade é relevante porque aceita autarquias ou entidades públicas como candidatas, incide em temas relevantes para políticas locais.",Prazo com margem
eu-ft-horizon-neb-2026-01-business-03,"Approaches to reuse vacant, obsolete or underutilised spaces",Horizon Europe,2026-05-05,2026-12-01,"€9,000,000 total; até €4,500,000/projeto",EU Funding & Tenders Portal,https://ec.europa.eu/info/funding-tenders/opportunities/portal/screen/opportunities/topic-details/horizon-neb-2026-01-business-03,Municípios ou autoridades locais; Entidades públicas,"","","Approaches to reuse vacant, obsolete or underutilised spaces",accessibility; climate; community_development; environment; inclusion; public_space,100,Altamente relevante,"Esta oportunidade é relevante porque aceita autarquias ou entidades públicas como candidatas, incide em temas relevantes para políticas locais.",Prazo com margem
eu-ft-horizon-neb-2026-01-participation-02,Innovative approaches for the spatial design of neighbourhoods,Horizon Europe,2026-05-05,2026-12-01,"€10,000,000 total; até €5,000,000/projeto",EU Funding & Tenders Portal,https://ec.europa.eu/info/funding-tenders/opportunities/portal/screen/opportunities/topic-details/horizon-neb-2026-01-participation-02,Municípios ou autoridades locais,O texto da oportunidade indica requisitos de consórcio ou parceria; confirmar no aviso oficial.,"",Innovative approaches for the spatial design of neighbourhoods,accessibility; civic_participation; climate; community_development; environment; equality; inclusion; mobility; public_space,100,Altamente relevante,"Esta oportunidade é relevante porque aceita autarquias ou entidades públicas como candidatas, incide em temas relevantes para políticas locais.",Prazo com margem
eu-ft-horizon-neb-2026-01-regen-03,Innovative solutions for the sustainable and beautiful use of vertical space,Horizon Europe,2026-05-05,2026-12-01,"€15,000,000 total; até €5,000,000/projeto",EU Funding & Tenders Portal,https://ec.europa.eu/info/funding-tenders/opportunities/portal/screen/opportunities/topic-details/horizon-neb-2026-01-regen-03,Municípios ou autoridades locais,"","",Innovative solutions for the sustainable and beautiful use of vertical space,accessibility; climate; community_development; environment; inclusion; public_space,100,Altamente relevante,"Esta oportunidade é relevante porque aceita autarquias ou entidades públicas como candidatas, incide em temas relevantes para políticas locais.",Prazo com margem
eu-ft-horizon-neb-2026-01-regen-01,"Sustainable, inclusive, affordable and beautiful solutions for thermal comfort in buildings",Horizon Europe,2026-05-05,2026-12-01,"€12,000,000 total; até €4,000,000/projeto",EU Funding & Tenders Portal,https://ec.europa.eu/info/funding-tenders/opportunities/portal/screen/opportunities/topic-details/horizon-neb-2026-01-regen-01,Municípios ou autoridades locais,"","","Sustainable, inclusive, affordable and beautiful solutions for thermal comfort in buildings",accessibility; climate; community_development; environment; inclusion; public_space,100,Altamente relevante,"Esta oportunidade é relevante porque aceita autarquias ou entidades públicas como candidatas, incide em temas relevantes para políticas locais.",Prazo com margem
eu-ft-horizon-neb-2026-01-business-02,Understanding capital market dynamics for increased investment in New European Bauhaus projects in neighbourhoods,Horizon Europe,2026-05-05,2026-12-01,"€7,000,000 total; até €3,500,000/projeto",EU Funding & Tenders Portal,https://ec.europa.eu/info/funding-tenders/opportunities/portal/screen/opportunities/topic-details/horizon-neb-2026-01-business-02,Entidades públicas,"","",Understanding capital market dynamics for increased investment in New European Bauhaus projects in neighbourhoods,accessibility; climate; community_development; environment; inclusion; public_space,100,Altamente relevante,"Esta oportunidade é relevante porque aceita autarquias ou entidades públicas como candidatas, incide em temas relevantes para políticas locais.",Prazo com margem
eu-ft-horizon-neb-2026-01-participation-03,Understanding inhabitant’s experiences of neighbourhoods to support their health and well-being,Horizon Europe,2026-05-05,2026-12-01,"€15,000,000 total; até €5,000,000/projeto",EU Funding & Tenders Portal,https://ec.europa.eu/info/funding-tenders/opportunities/portal/screen/opportunities/topic-details/horizon-neb-2026-01-participation-03,Municípios ou autoridades locais,O texto da oportunidade indica requisitos de consórcio ou parceria; confirmar no aviso oficial.,"",Understanding inhabitant’s experiences of neighbourhoods to support their health and well-being,accessibility; civic_participation; climate; community_development; environment; equality; inclusion; mobility; public_space,100,Altamente relevante,"Esta oportunidade é relevante porque aceita autarquias ou entidades públicas como candidatas, incide em temas relevantes para políticas locais.",Prazo com margem
eu-ft-horizon-cl3-2026-01-drs-05,Climate security and civil preparedness – new ways to develop pre- and post-crisis climate-change related scenarios for a more resilient Europe,Horizon Europe,2026-05-06,2026-11-05,"€4,500,000 total; até €4,500,000/projeto",EU Funding & Tenders Portal,https://ec.europa.eu/info/funding-tenders/opportunities/portal/screen/opportunities/topic-details/horizon-cl3-2026-01-drs-05,Entidades públicas,O texto da oportunidade indica requisitos de consórcio ou parceria; confirmar no aviso oficial.,"",Climate security and civil preparedness – new ways to develop pre- and post-crisis climate-change related scenarios for a more resilient Europe,accessibility; climate; environment; inclusion; mobility,99,Altamente relevante,"Esta oportunidade é relevante porque aceita autarquias ou entidades públicas como candidatas, incide em temas relevantes para políticas locais.",Prazo com margem
eu-ft-horizon-cl3-2026-01-drs-04,Open topic on driving innovation uptake of disaster risk solutions,Horizon Europe,2026-05-06,2026-11-05,"€6,000,000 total; até €3,000,000/projeto",EU Funding & Tenders Portal,https://ec.europa.eu/info/funding-tenders/opportunities/portal/screen/opportunities/topic-details/horizon-cl3-2026-01-drs-04,Municípios ou autoridades locais; Entidades públicas,O texto da oportunidade indica requisitos de consórcio ou parceria; confirmar no aviso oficial.,"",Open topic on driving innovation uptake of disaster risk solutions,accessibility; climate; community_development; digital_public_services; inclusion,99,Altamente relevante,"Esta oportunidade é relevante porque aceita autarquias ou entidades públicas como candidatas, incide em temas relevantes para políticas locais.",Prazo com margem
pt2030-7906,Inquéritos de mobilidade nas Áreas Metropolitana de Lisboa e do Porto,SUSTENTAVEL2030,2026-09-01,2027-02-26,"€1,000,000",Portugal 2030,https://portugal2030.pt/plano-anual-de-avisos/#aviso-7906,Entidades públicas,"",FC · Norte | AML,"Aviso Portugal 2030 para RSO2.8 - Mobilidade urbana sustentável; FC; Norte | AML. Consultar o plano oficial para confirmar condições, documentação e candidatura.",community_development; environment; mobility; public_space,96,Altamente relevante,"Esta oportunidade é relevante porque aceita autarquias ou entidades públicas como candidatas, tem incidência territorial em Lisboa ou na Área Metropolitana de Lisboa, incide em temas relevantes para políticas locais.",Prazo com margem
pt2030-8000,Rede ferroviária das Áreas Metropolitanas - Mobilidade urbana sustentável na Área Metropolitana de Lisboa,SUSTENTAVEL2030,2027-04-01,2027-08-31,"€110,000,000",Portugal 2030,https://portugal2030.pt/plano-anual-de-avisos/#aviso-8000,Entidades públicas,"",FC · AML,"Aviso Portugal 2030 para RSO2.8 - Mobilidade urbana sustentável; FC; AML. Consultar o plano oficial para confirmar condições, documentação e candidatura.",community_development; environment; mobility; public_space,96,Altamente relevante,"Esta oportunidade é relevante porque aceita autarquias ou entidades públicas como candidatas, tem incidência territorial em Lisboa ou na Área Metropolitana de Lisboa, incide em temas relevantes para políticas locais.",Prazo com margem
eu-ft-horizon-cl3-2026-01-fct-04,"Crime prevention approaches, online and off-line, tackling the nexus between addictions and crime",Horizon Europe,2026-05-06,2026-11-05,"€6,000,000 total; até €3,000,000/projeto",EU Funding & Tenders Portal,https://ec.europa.eu/info/funding-tenders/opportunities/portal/screen/opportunities/topic-details/horizon-cl3-2026-01-fct-04,Entidades públicas,O texto da oportunidade indica requisitos de consórcio ou parceria; confirmar no aviso oficial.,"","Crime prevention approaches, online and off-line, tackling the nexus between addictions and crime",civic_participation; climate; equality; inclusion,92,Altamente relevante,"Esta oportunidade é relevante porque aceita autarquias ou entidades públicas como candidatas, incide em temas relevantes para políticas locais.",Prazo com margem
eu-ft-horizon-cl3-2026-01-infra-01,Tools and processes to support stress tests of critical infrastructure,Horizon Europe,2026-05-06,2026-11-05,"€9,670,000 total; até €4,835,000/projeto",EU Funding & Tenders Portal,https://ec.europa.eu/info/funding-tenders/opportunities/portal/screen/opportunities/topic-details/horizon-cl3-2026-01-infra-01,Entidades públicas,O texto da oportunidade indica requisitos de consórcio ou parceria; confirmar no aviso oficial.,"",Tools and processes to support stress tests of critical infrastructure,accessibility; climate; environment; inclusion,90,Altamente relevante,"Esta oportunidade é relevante porque aceita autarquias ou entidades públicas como candidatas, incide em temas relevantes para políticas locais.",Prazo com margem
eu-ft-life-2026-cet-heatcoolplan,"Supporting the delivery of actionable, integrated, and comprehensive local heating and cooling plans",LIFE,2026-04-21,2026-09-16,"€6,500,000 total",EU Funding & Tenders Portal,https://ec.europa.eu/info/funding-tenders/opportunities/portal/screen/opportunities/topic-details/life-2026-cet-heatcoolplan,Municípios ou autoridades locais; Entidades públicas,O texto da oportunidade indica requisitos de consórcio ou parceria; confirmar no aviso oficial.,"","Supporting the delivery of actionable, integrated, and comprehensive local heating and cooling plans",climate; community_development; environment; public_space,89,Altamente relevante,"Esta oportunidade é relevante porque aceita autarquias ou entidades públicas como candidatas, incide em temas relevantes para políticas locais.",Prazo com margem
eu-ft-horizon-cl3-2026-01-bm-01,Advanced border surveillance and situational awareness,Horizon Europe,2026-05-06,2026-11-05,"€12,000,000 total; até €6,000,000/projeto",EU Funding & Tenders Portal,https://ec.europa.eu/info/funding-tenders/opportunities/portal/screen/opportunities/topic-details/horizon-cl3-2026-01-bm-01,"",O texto da oportunidade indica requisitos de consórcio ou parceria; confirmar no aviso oficial.,"",Advanced border surveillance and situational awareness,climate; community_development; environment; equality; inclusion; mobility; public_space,88,Altamente relevante,"Esta oportunidade é relevante porque a elegibilidade das autarquias deve ser confirmada, incide em temas relevantes para políticas locais.",Prazo com margem
eu-ft-life-2026-cet-betterreno,Energy renovation solutions – Boosting building renovation through effective markets and instruments,LIFE,2026-04-21,2026-09-16,"€6,000,000 total",EU Funding & Tenders Portal,https://ec.europa.eu/info/funding-tenders/opportunities/portal/screen/opportunities/topic-details/life-2026-cet-betterreno,Entidades públicas,O texto da oportunidade indica requisitos de consórcio ou parceria; confirmar no aviso oficial.,"",Energy renovation solutions – Boosting building renovation through effective markets and instruments,climate; environment; inclusion,80,Altamente relevante,"Esta oportunidade é relevante porque aceita autarquias ou entidades públicas como candidatas, incide em temas relevantes para políticas locais.",Prazo com margem
eu-ft-horizon-cl6-2026-01-biodiv-04,Ensuring continuous effectiveness of protected areas in conserving habitats and species while facing intensifying drivers of biodiversity loss,Horizon Europe,2026-04-17,2026-09-17,"€13,000,000 total; até €6,500,000/projeto",EU Funding & Tenders Portal,https://ec.europa.eu/info/funding-tenders/opportunities/portal/screen/opportunities/topic-details/horizon-cl6-2026-01-biodiv-04,Entidades públicas,O texto da oportunidade indica requisitos de consórcio ou parceria; confirmar no aviso oficial.,"",Ensuring continuous effectiveness of protected areas in conserving habitats and species while facing intensifying drivers of biodiversity loss,climate; environment; inclusion,80,Altamente relevante,"Esta oportunidade é relevante porque aceita autarquias ou entidades públicas como candidatas, incide em temas relevantes para políticas locais.",Prazo com margem
eu-ft-horizon-cl3-2026-01-fct-02,"Open topic on preventing and countering the misuse of emerging technologies for criminal purposes, including issues related to lawful access to data",Horizon Europe,2026-05-06,2026-11-05,"€9,000,000 total; até €4,500,000/projeto",EU Funding & Tenders Portal,https://ec.europa.eu/info/funding-tenders/opportunities/portal/screen/opportunities/topic-details/horizon-cl3-2026-01-fct-02,Entidades públicas,O texto da oportunidade indica requisitos de consórcio ou parceria; confirmar no aviso oficial.,"","Open topic on preventing and countering the misuse of emerging technologies for criminal purposes, including issues related to lawful access to data",accessibility; equality; inclusion,80,Altamente relevante,"Esta oportunidade é relevante porque aceita autarquias ou entidades públicas como candidatas, incide em temas relevantes para políticas locais.",Prazo com margem
eu-ft-horizon-neb-2026-01-business-01,Structurally addressing homelessness through coordinated social infrastructure and services in neighbourhoods,Horizon Europe,2026-05-05,2026-12-01,"€10,500,000 total; até €3,500,000/projeto",EU Funding & Tenders Portal,https://ec.europa.eu/info/funding-tenders/opportunities/portal/screen/opportunities/topic-details/horizon-neb-2026-01-business-01,"","","",Structurally addressing homelessness through coordinated social infrastructure and services in neighbourhoods,accessibility; climate; community_development; environment; inclusion; public_space,79,Altamente relevante,"Esta oportunidade é relevante porque a elegibilidade das autarquias deve ser confirmada, incide em temas relevantes para políticas locais.",Prazo com margem
eui-city-to-city-exchanges,City-to-City Exchanges,European Urban Initiative,,2027-11-17,"",European Urban Initiative,https://www.urban-initiative.eu/capacity-building/pilot-call-c2c-exchanges,Urban authorities,"",Open · &nbsp; grant Find out more,Deadline date : 17/11/2027 By European Urban Initiative Policy challenge related to the design and implementation of Sustainable Urban Development within Cohesion Policy.  Urban authorities,climate; community_development; public_space,79,Altamente relevante,"Esta oportunidade é relevante porque aceita autarquias ou entidades públicas como candidatas, incide em temas relevantes para políticas locais.",Prazo com margem
pt2030-7958,Gestão de Resíduos Urbanos - ações imateriais,SUSTENTAVEL2030,2026-09-01,2026-12-31,"€8,000,000",Portugal 2030,https://portugal2030.pt/plano-anual-de-avisos/#aviso-7958,Entidades públicas,"",FC · AML | Centro | Norte | Alentejo | Algarve,"Aviso Portugal 2030 para RSO2.6 - Economia circular; FC; AML | Centro | Norte | Alentejo | Algarve. Consultar o plano oficial para confirmar condições, documentação e candidatura.",climate; environment,78,Altamente relevante,"Esta oportunidade é relevante porque aceita autarquias ou entidades públicas como candidatas, tem incidência territorial em Lisboa ou na Área Metropolitana de Lisboa, incide em temas relevantes para políticas locais.",Prazo com margem
pt2030-7977,"Desenvolver sistemas, redes e formas de armazenamento energéticos inteligentes fora da RTE-E",SUSTENTAVEL2030,2026-08-01,2027-01-31,"€15,000,000",Portugal 2030,https://portugal2030.pt/plano-anual-de-avisos/#aviso-7977,Entidades públicas,"",FC · Alentejo | AML | Algarve | Norte | Centro,"Aviso Portugal 2030 para RSO2.3 - Sistemas energéticos inteligentes; FC; Alentejo | AML | Algarve | Norte | Centro. Consultar o plano oficial para confirmar condições, documentação e candidatura.",digital_public_services; environment,77,Altamente relevante,"Esta oportunidade é relevante porque aceita autarquias ou entidades públicas como candidatas, tem incidência territorial em Lisboa ou na Área Metropolitana de Lisboa, incide em temas relevantes para políticas locais.",Prazo com margem
pt2030-8072,Educação intercultural em contexto escolar,FAMI2030,2026-05-01,2026-06-30,"€4,000,000",Portugal 2030,https://portugal2030.pt/plano-anual-de-avisos/#aviso-8072,Entidades públicas; Entidades privadas,A modalidade do aviso prevê parceria; confirmar os requisitos no aviso oficial.,FAMI · Norte | RAM | RAA | Alentejo | AML | Algarve | Centro,"Aviso Portugal 2030 para HSO9.2 - Migração legal e integração; FAMI; Norte | RAM | RAA | Alentejo | AML | Algarve | Centro. Consultar o plano oficial para confirmar condições, documentação e candidatura.",inclusion,76,Altamente relevante,"Esta oportunidade é relevante porque aceita autarquias ou entidades públicas como candidatas, tem incidência territorial em Lisboa ou na Área Metropolitana de Lisboa, incide em temas relevantes para políticas locais, tem prazo próximo.",Prazo ultrapassado
pt2030-7905,Assistência Técnica (2027 a 2030),SUSTENTAVEL2030,2026-05-04,2026-07-31,"€20,000,000",Portugal 2030,https://portugal2030.pt/plano-anual-de-avisos/#aviso-7905,Entidades públicas,"",FC · Norte | Algarve | Alentejo | AML | Centro,"Aviso Portugal 2030 para TASO7.1 - Assistência técnica; FC; Norte | Algarve | Alentejo | AML | Centro. Consultar o plano oficial para confirmar condições, documentação e candidatura.",environment,76,Altamente relevante,"Esta oportunidade é relevante porque aceita autarquias ou entidades públicas como candidatas, tem incidência territorial em Lisboa ou na Área Metropolitana de Lisboa, incide em temas relevantes para políticas locais, tem prazo próximo.",Prazo muito próximo
eui-call-for-project-development-assistance-projects,Call for Project Development Assistance Projects,European Urban Initiative,,,"€6,000,000",European Urban Initiative,https://portico.urban-initiative.eu/urban-panorama/circular-cities-and-regions-initiative,"Local/regional authorities, utilities and services, industry, etc",Confirm partnership requirements in the official call.,Open · &nbsp; grant Funding support :&nbsp; EUR 6.00 million Find out more,"By Circular Cities and Regions Initiative Circular Cities and Regions Initiative’s project development assistance (CCRI-PDA) will  help selected project promoters to develop their circular economy proposals at local and regional scale by bringing together the technical, economic and legal expertise.   Local/regional authorities, utilities and services, industry, etc.",community_development; environment,70,A investigar,"Esta oportunidade é relevante porque aceita autarquias ou entidades públicas como candidatas, incide em temas relevantes para políticas locais.",Prazo por confirmar
pt2030-7931,Ações de sensibilização e campanhas,PESSOAS2030,2026-09-01,2026-12-31,"€2,165,523",Portugal 2030,https://portugal2030.pt/plano-anual-de-avisos/#aviso-7931,Entidades públicas,"",FSE+ · Algarve | Norte | Centro | AML | Alentejo,"Aviso Portugal 2030 para ESO4.8 - Inclusão ativa e empregabilidade; FSE+; Algarve | Norte | Centro | AML | Alentejo. Consultar o plano oficial para confirmar condições, documentação e candidatura.",inclusion,68,A investigar,"Esta oportunidade é relevante porque aceita autarquias ou entidades públicas como candidatas, tem incidência territorial em Lisboa ou na Área Metropolitana de Lisboa, incide em temas relevantes para políticas locais.",Prazo com margem
pt2030-7954,Formação Avançada,PESSOAS2030,2026-09-01,2026-12-31,"€40,000,000",Portugal 2030,https://portugal2030.pt/plano-anual-de-avisos/#aviso-7954,Entidades públicas,"",FSE+ · AML | Norte | Algarve | Centro | Alentejo,"Aviso Portugal 2030 para ESO4.6 - Sistemas de educação e formação inclusivos e de qualidade; FSE+; AML | Norte | Algarve | Centro | Alentejo. Consultar o plano oficial para confirmar condições, documentação e candidatura.",inclusion,68,A investigar,"Esta oportunidade é relevante porque aceita autarquias ou entidades públicas como candidatas, tem incidência territorial em Lisboa ou na Área Metropolitana de Lisboa, incide em temas relevantes para políticas locais.",Prazo com margem
pt2030-7909,Tratamento em Estações de Tratamento de Águas Residuais (ETAR) para produção de Água para Reutilização (ApR),SUSTENTAVEL2030,2026-09-01,2027-09-30,"€30,000,000",Portugal 2030,https://portugal2030.pt/plano-anual-de-avisos/#aviso-7909,Entidades públicas,"",FC · Alentejo | AML | Centro | Algarve | Norte,"Aviso Portugal 2030 para RSO2.5 - Gestão sustentável da água; FC; Alentejo | AML | Centro | Algarve | Norte. Consultar o plano oficial para confirmar condições, documentação e candidatura.",environment,68,A investigar,"Esta oportunidade é relevante porque aceita autarquias ou entidades públicas como candidatas, tem incidência territorial em Lisboa ou na Área Metropolitana de Lisboa, incide em temas relevantes para políticas locais.",Prazo com margem
pt2030-8104,SIID - I&D Empresarial - Operações em Copromoção (Rede de Fornecedores Inovadores),COMPETE2030,2026-06-30,2026-09-30,"€1,800,000",Portugal 2030,https://portugal2030.pt/plano-anual-de-avisos/#aviso-8104,Entidades públicas; Entidades privadas,"",FEDER · Alentejo | AML | Norte | Algarve | Centro,"Aviso Portugal 2030 para RSO1.1 - Promover a investigação e a inovação; FEDER; Alentejo | AML | Norte | Algarve | Centro. Consultar o plano oficial para confirmar condições, documentação e candidatura.",digital_public_services,67,A investigar,"Esta oportunidade é relevante porque aceita autarquias ou entidades públicas como candidatas, tem incidência territorial em Lisboa ou na Área Metropolitana de Lisboa, incide em temas relevantes para políticas locais.",Prazo com margem
pt2030-8058,Reinstalação e admissão por motivos humanitários 2023-2026,FAMI2030,2026-05-01,2026-06-30,"€4,662,000",Portugal 2030,https://portugal2030.pt/plano-anual-de-avisos/#aviso-8058,Entidades públicas,"",FAMI · Centro | AML | Norte | Alentejo | RAA | RAM | Algarve,"Aviso Portugal 2030 para HSO9.4 - Solidariedade; FAMI; Centro | AML | Norte | Alentejo | RAA | RAM | Algarve. Consultar o plano oficial para confirmar condições, documentação e candidatura.","",66,A investigar,"Esta oportunidade é relevante porque aceita autarquias ou entidades públicas como candidatas, tem incidência territorial em Lisboa ou na Área Metropolitana de Lisboa, tem prazo próximo.",Prazo ultrapassado
pt2030-8057,Regressos voluntários e reintegração nos países de origem,FAMI2030,2026-06-01,2026-07-31,"€3,044,924",Portugal 2030,https://portugal2030.pt/plano-anual-de-avisos/#aviso-8057,Entidades públicas; Entidades privadas,"",FAMI · Norte | Extra-Regio NUTS II | RAM | RAA | Alentejo | AML | Centro | Algarve,"Aviso Portugal 2030 para HSO9.3 - Voltar; FAMI; Norte | Extra-Regio NUTS II | RAM | RAA | Alentejo | AML | Centro | Algarve. Consultar o plano oficial para confirmar condições, documentação e candidatura.","",66,A investigar,"Esta oportunidade é relevante porque aceita autarquias ou entidades públicas como candidatas, tem incidência territorial em Lisboa ou na Área Metropolitana de Lisboa, tem prazo próximo.",Prazo muito próximo
eu-ft-life-2026-cet-empower,Scaling up smart and clean energy solutions for affordability in EU cities,LIFE,2026-04-20,,"",EU Funding & Tenders Portal,https://ec.europa.eu/info/funding-tenders/opportunities/portal/screen/opportunities/topic-details/life-2026-cet-empower,Municípios ou autoridades locais,"","",Scaling up smart and clean energy solutions for affordability in EU cities,community_development,60,A investigar,"Esta oportunidade é relevante porque aceita autarquias ou entidades públicas como candidatas, incide em temas relevantes para políticas locais.",Prazo por confirmar
eu-ft-horizon-cl6-2026-01-circbio-08,Supporting pre-normative research for standardization of the bio-based products,Horizon Europe,2026-04-17,2026-09-17,"€8,000,000 total; até €4,000,000/projeto",EU Funding & Tenders Portal,https://ec.europa.eu/info/funding-tenders/opportunities/portal/screen/opportunities/topic-details/horizon-cl6-2026-01-circbio-08,"",O texto da oportunidade indica requisitos de consórcio ou parceria; confirmar no aviso oficial.,"",Supporting pre-normative research for standardization of the bio-based products,climate; environment; equality; inclusion,60,A investigar,"Esta oportunidade é relevante porque a elegibilidade das autarquias deve ser confirmada, incide em temas relevantes para políticas locais.",Prazo com margem
pt2030-8055,Oficiais de ligação de imigração,FAMI2030,2027-01-01,2027-04-30,"€717,529",Portugal 2030,https://portugal2030.pt/plano-anual-de-avisos/#aviso-8055,Entidades públicas,"",FAMI · Extra-Regio NUTS II,"Aviso Portugal 2030 para HSO9.3 - Voltar; FAMI; Extra-Regio NUTS II. Consultar o plano oficial para confirmar condições, documentação e candidatura.",inclusion,60,A investigar,"Esta oportunidade é relevante porque aceita autarquias ou entidades públicas como candidatas, incide em temas relevantes para políticas locais.",Prazo com margem
pt2030-7926,Estudos e Avaliações do Plano Global de Avaliação do Portugal 2030 | 2027-2029,PAT2030,2026-06-15,2026-07-31,"€1,500,000",Portugal 2030,https://portugal2030.pt/plano-anual-de-avisos/#aviso-7926,Entidades públicas,"",FEDER · Extra-Regio NUTS II,"Aviso Portugal 2030 para TASO7.1 - Assistência técnica; FEDER; Extra-Regio NUTS II. Consultar o plano oficial para confirmar condições, documentação e candidatura.","",58,A investigar,"Esta oportunidade é relevante porque aceita autarquias ou entidades públicas como candidatas, tem prazo próximo.",Prazo muito próximo
pt2030-7965,Funcionamento de CIT multifunções e espaços equiparados,FAMI2030,2026-09-01,2026-12-31,"€5,895,000",Portugal 2030,https://portugal2030.pt/plano-anual-de-avisos/#aviso-7965,Entidades públicas,"",FAMI · RAM | Norte | Algarve | Centro | AML | RAA | Alentejo,"Aviso Portugal 2030 para HSO9.3 - Voltar; FAMI; RAM | Norte | Algarve | Centro | AML | RAA | Alentejo. Consultar o plano oficial para confirmar condições, documentação e candidatura.","",58,A investigar,"Esta oportunidade é relevante porque aceita autarquias ou entidades públicas como candidatas, tem incidência territorial em Lisboa ou na Área Metropolitana de Lisboa.",Prazo com margem
eu-ft-horizon-miss-2026-02-cancer-07,Improve the Quality of Life of older cancer patients,Horizon Europe,2026-02-10,2026-09-15,"€25,000,000 total; até €6,000,000/projeto",EU Funding & Tenders Portal,https://ec.europa.eu/info/funding-tenders/opportunities/portal/screen/opportunities/topic-details/horizon-miss-2026-02-cancer-07,"","","",Improve the Quality of Life of older cancer patients,accessibility; inclusion; mobility,49,Prioridade baixa,Prioridade baixa: faltam sinais fortes de elegibilidade ou alinhamento municipal nos dados disponíveis.,Prazo com margem
eu-ft-erasmus-sport-2026-eu-awards-inclusion,#BeActive-EU-SPORT-AWARDS – Inclusion,Erasmus+,2026-06-30,2026-09-17,"€25,000 total",EU Funding & Tenders Portal,https://ec.europa.eu/info/funding-tenders/opportunities/portal/screen/opportunities/topic-details/erasmus-sport-2026-eu-awards-inclusion,"","","",#BeActive-EU-SPORT-AWARDS – Inclusion,equality; inclusion; volunteering,47,Prioridade baixa,Prioridade baixa: faltam sinais fortes de elegibilidade ou alinhamento municipal nos dados disponíveis.,Prazo com margem
eu-ft-horizon-miss-2026-02-cancer-05,Boosting mental health of young cancer survivors through the European Cancer Patient Digital Centre (ECPDC),Horizon Europe,2026-02-10,2026-09-15,"€7,000,000 total; até €7,000,000/projeto",EU Funding & Tenders Portal,https://ec.europa.eu/info/funding-tenders/opportunities/portal/screen/opportunities/topic-details/horizon-miss-2026-02-cancer-05,"","","",Boosting mental health of young cancer survivors through the European Cancer Patient Digital Centre (ECPDC),environment; inclusion,40,Prioridade baixa,Prioridade baixa: faltam sinais fortes de elegibilidade ou alinhamento municipal nos dados disponíveis.,Prazo com margem
eu-ft-horizon-miss-2026-02-cancer-03,Pragmatic clinical trials to optimise immunotherapeutic interventions for patients with refractory cancers,Horizon Europe,2026-02-10,2026-09-15,"€22,186,000 total; até €8,000,000/projeto",EU Funding & Tenders Portal,https://ec.europa.eu/info/funding-tenders/opportunities/portal/screen/opportunities/topic-details/horizon-miss-2026-02-cancer-03,"","","",Pragmatic clinical trials to optimise immunotherapeutic interventions for patients with refractory cancers,accessibility; community_development,40,Prioridade baixa,Prioridade baixa: faltam sinais fortes de elegibilidade ou alinhamento municipal nos dados disponíveis.,Prazo com margem
eu-ft-life-2026-cet-oss,One-Stop-Shops - Integrated services for clean energy transition in private buildings,LIFE,2026-04-21,2026-09-16,"€9,000,000 total",EU Funding & Tenders Portal,https://ec.europa.eu/info/funding-tenders/opportunities/portal/screen/opportunities/topic-details/life-2026-cet-oss,"",O texto da oportunidade indica requisitos de consórcio ou parceria; confirmar no aviso oficial.,"",One-Stop-Shops - Integrated services for clean energy transition in private buildings,climate; environment,40,Prioridade baixa,Prioridade baixa: faltam sinais fortes de elegibilidade ou alinhamento municipal nos dados disponíveis.,Prazo com margem
eu-ft-horizon-cl3-2026-01-fct-06,Prevention and mitigation of misuse of synthetic biology for bioterrorism purposes,Horizon Europe,2026-05-06,2026-11-05,"€3,000,000 total; até €3,000,000/projeto",EU Funding & Tenders Portal,https://ec.europa.eu/info/funding-tenders/opportunities/portal/screen/opportunities/topic-details/horizon-cl3-2026-01-fct-06,"",O texto da oportunidade indica requisitos de consórcio ou parceria; confirmar no aviso oficial.,"",Prevention and mitigation of misuse of synthetic biology for bioterrorism purposes,accessibility; inclusion,40,Prioridade baixa,Prioridade baixa: faltam sinais fortes de elegibilidade ou alinhamento municipal nos dados disponíveis.,Prazo com margem
eu-ft-horizon-neb-2027-01-regen-03,Revitalising neighbourhoods around existing railway and motorway corridors,Horizon Europe,2026-07-02,,"",EU Funding & Tenders Portal,https://ec.europa.eu/info/funding-tenders/opportunities/portal/screen/opportunities/topic-details/horizon-neb-2027-01-regen-03,"","","",Revitalising neighbourhoods around existing railway and motorway corridors,community_development; public_space,39,Prioridade baixa,Prioridade baixa: faltam sinais fortes de elegibilidade ou alinhamento municipal nos dados disponíveis.,Prazo por confirmar
eu-ft-horizon-miss-2026-02-cancer-06,Development of a research capacity building programme on cancer with and for Ukraine,Horizon Europe,2026-02-10,2026-09-15,"€5,000,000 total; até €5,000,000/projeto",EU Funding & Tenders Portal,https://ec.europa.eu/info/funding-tenders/opportunities/portal/screen/opportunities/topic-details/horizon-miss-2026-02-cancer-06,"","","",Development of a research capacity building programme on cancer with and for Ukraine,digital_public_services; inclusion,39,Prioridade baixa,Prioridade baixa: faltam sinais fortes de elegibilidade ou alinhamento municipal nos dados disponíveis.,Prazo com margem
eui-eui-ongoing-call-for-peer-reviewers,EUI ongoing Call for peer reviewers,European Urban Initiative,,2028-12-31,"",European Urban Initiative,https://www.urban-initiative.eu/capacity-building/peer-reviews/ongoing-call-peer-reviews,"","",Open · &nbsp; other Find out more,"Deadline date : 31/12/2028 By European Urban Initiative An ongoing Call for the role of peer reviewer is now open. This call plans to identify the urban authority representatives to join the pool of peers and to act as peer reviewers in future Peer Reviews. Peer reviewers apply as individuals to take part in a peer review process. Peer reviewers can represent any EU urban authority but must have relevant experience in the design and implementation of integrated, place-based strategies.",community_development; public_space,39,Prioridade baixa,Prioridade baixa: faltam sinais fortes de elegibilidade ou alinhamento municipal nos dados disponíveis.,Prazo com margem
pt2030-8056,Centros Locais de Apoio à Integração de Migrantes (CLAIM),FAMI2030,2026-07-01,2026-09-30,"€3,950,624",Portugal 2030,https://portugal2030.pt/plano-anual-de-avisos/#aviso-8056,Entidades privadas,A modalidade do aviso prevê parceria; confirmar os requisitos no aviso oficial.,FAMI · Norte | RAM | RAA | Alentejo | AML | Centro | Algarve,"Aviso Portugal 2030 para HSO9.2 - Migração legal e integração; FAMI; Norte | RAM | RAA | Alentejo | AML | Centro | Algarve. Consultar o plano oficial para confirmar condições, documentação e candidatura.",inclusion,38,Prioridade baixa,Prioridade baixa: faltam sinais fortes de elegibilidade ou alinhamento municipal nos dados disponíveis.,Prazo com margem
pt2030-8025,Capacitação dos Parceiros da Comissão Permanente de Concertação Social (CPCS),PESSOAS2030,2027-01-01,2027-04-30,"€2,594,116",Portugal 2030,https://portugal2030.pt/plano-anual-de-avisos/#aviso-8025,Entidades privadas,"",FSE+ · Norte | Algarve | Centro | AML | Alentejo,"Aviso Portugal 2030 para ESO4.1 - Acesso ao emprego e medidas de ativação para todos; FSE+; Norte | Algarve | Centro | AML | Alentejo. Consultar o plano oficial para confirmar condições, documentação e candidatura.",inclusion,38,Prioridade baixa,Prioridade baixa: faltam sinais fortes de elegibilidade ou alinhamento municipal nos dados disponíveis.,Prazo com margem
eu-ft-erasmus-sport-2026-eu-awards-generations,#BeActive-EU-SPORT-AWARDS - Across generations,Erasmus+,2026-06-30,2026-09-17,"€25,000 total",EU Funding & Tenders Portal,https://ec.europa.eu/info/funding-tenders/opportunities/portal/screen/opportunities/topic-details/erasmus-sport-2026-eu-awards-generations,"","","",#BeActive-EU-SPORT-AWARDS - Across generations,inclusion; volunteering,37,Prioridade baixa,Prioridade baixa: faltam sinais fortes de elegibilidade ou alinhamento municipal nos dados disponíveis.,Prazo com margem
eu-ft-erasmus-sport-2026-eu-awards-physical-activity,#BeActive-EU-SPORT-AWARDS – Physical activity,Erasmus+,2026-06-30,2026-09-17,"€25,000 total",EU Funding & Tenders Portal,https://ec.europa.eu/info/funding-tenders/opportunities/portal/screen/opportunities/topic-details/erasmus-sport-2026-eu-awards-physical-activity,"","","",#BeActive-EU-SPORT-AWARDS – Physical activity,inclusion; volunteering,37,Prioridade baixa,Prioridade baixa: faltam sinais fortes de elegibilidade ou alinhamento municipal nos dados disponíveis.,Prazo com margem
eu-ft-erasmus-sport-2026-eu-awards-peace,#BeActive-EU-SPORT-AWARDS-Peace,Erasmus+,2026-06-30,2026-09-17,"€25,000 total",EU Funding & Tenders Portal,https://ec.europa.eu/info/funding-tenders/opportunities/portal/screen/opportunities/topic-details/erasmus-sport-2026-eu-awards-peace,"","","",#BeActive-EU-SPORT-AWARDS-Peace,inclusion; volunteering,37,Prioridade baixa,Prioridade baixa: faltam sinais fortes de elegibilidade ou alinhamento municipal nos dados disponíveis.,Prazo com margem
eu-ft-erasmus-sport-2026-eu-awards-volunteering,#BeActive-EU-SPORT-AWARDS-Volunteering,Erasmus+,2026-06-30,2026-09-17,"€25,000 total",EU Funding & Tenders Portal,https://ec.europa.eu/info/funding-tenders/opportunities/portal/screen/opportunities/topic-details/erasmus-sport-2026-eu-awards-volunteering,"","","",#BeActive-EU-SPORT-AWARDS-Volunteering,inclusion; volunteering,37,Prioridade baixa,Prioridade baixa: faltam sinais fortes de elegibilidade ou alinhamento municipal nos dados disponíveis.,Prazo com margem
pt2030-8106,SICE - Inovação Produtiva (Rede de Fornecedores Inovadores),COMPETE2030 / NORTE2030 / CENTRO2030 / LISBOA2030 / ALENTEJO2030 / ALGARVE2030,2026-06-30,2026-09-30,"€40,000,000",Portugal 2030,https://portugal2030.pt/plano-anual-de-avisos/#aviso-8106,Entidades privadas,"",FEDER · Norte | Centro | Alentejo | AML | Algarve,"Aviso Portugal 2030 para RSO1.3 - Crescimento e competitividade das PMEs; FEDER; Norte | Centro | Alentejo | AML | Algarve. Consultar o plano oficial para confirmar condições, documentação e candidatura.",digital_public_services,37,Prioridade baixa,Prioridade baixa: faltam sinais fortes de elegibilidade ou alinhamento municipal nos dados disponíveis.,Prazo com margem
pt2030-8060,SICE - Inovação Produtiva - Territórios de Baixa Densidade e Outros Territórios,COMPETE2030 / NORTE2030 / CENTRO2030 / LISBOA2030 / ALENTEJO2030 / ALGARVE2030,2026-05-29,2026-10-30,"€182,500,000",Portugal 2030,https://portugal2030.pt/plano-anual-de-avisos/#aviso-8060,Entidades privadas,"",FEDER · Norte | Centro | Alentejo | AML | Algarve,"Aviso Portugal 2030 para RSO1.3 - Crescimento e competitividade das PMEs; FEDER; Norte | Centro | Alentejo | AML | Algarve. Consultar o plano oficial para confirmar condições, documentação e candidatura.",digital_public_services,37,Prioridade baixa,Prioridade baixa: faltam sinais fortes de elegibilidade ou alinhamento municipal nos dados disponíveis.,Prazo com margem
pt2030-7959,SIID - I&D Empresarial - Demonstradores Individuais e em copromoção,COMPETE2030 / NORTE2030 / CENTRO2030 / LISBOA2030 / ALENTEJO2030 / ALGARVE2030,2026-06-30,2026-12-30,"€12,500,000",Portugal 2030,https://portugal2030.pt/plano-anual-de-avisos/#aviso-7959,Entidades privadas,"",FEDER · Alentejo | Algarve | Norte | Centro | AML,"Aviso Portugal 2030 para RSO1.1 - Promover a investigação e a inovação; FEDER; Alentejo | Algarve | Norte | Centro | AML. Consultar o plano oficial para confirmar condições, documentação e candidatura.",digital_public_services,37,Prioridade baixa,Prioridade baixa: faltam sinais fortes de elegibilidade ou alinhamento municipal nos dados disponíveis.,Prazo com margem
eui-call-for-action-planning-networks,Call for Action Planning Networks,European Urban Initiative,,,"",European Urban Initiative,https://portico.urban-initiative.eu/urban-panorama/call-for-proposals,"",Confirm partnership requirements in the official call.,Upcoming · &nbsp; grant,Spring 2026 By URBACT Cities come together to develop integrated action plans as a response to common local challenges. ,community_development,30,Prioridade baixa,Prioridade baixa: faltam sinais fortes de elegibilidade ou alinhamento municipal nos dados disponíveis.,Prazo por confirmar
eui-call-for-twin-cities-cohort-2,Call for Twin Cities Cohort 2,European Urban Initiative,,,"",European Urban Initiative,https://netzerocities.eu/twinning-learning-programme/,"",Confirm partnership requirements in the official call.,Open · &nbsp; other Find out more,"By NetZeroCities Knowledge sharing and transfer of good practices between upcoming selected Twin Cities, Pilot Cities cohort 2 programme.  Any European City",community_development,30,Prioridade baixa,Prioridade baixa: faltam sinais fortes de elegibilidade ou alinhamento municipal nos dados disponíveis.,Prazo por confirmar
eu-ft-horizon-miss-2026-02-cancer-04,Earlier and more precise palliative care,Horizon Europe,2026-02-10,2026-09-15,"€15,000,000 total; até €5,000,000/projeto",EU Funding & Tenders Portal,https://ec.europa.eu/info/funding-tenders/opportunities/portal/screen/opportunities/topic-details/horizon-miss-2026-02-cancer-04,"","","",Earlier and more precise palliative care,climate,30,Prioridade baixa,Prioridade baixa: faltam sinais fortes de elegibilidade ou alinhamento municipal nos dados disponíveis.,Prazo com margem
eu-ft-horizon-miss-2026-02-cancer-01,Virtual Human Twin (VHT) Models for Cancer Research,Horizon Europe,2026-02-10,2026-09-15,"€35,000,000 total; até €9,000,000/projeto",EU Funding & Tenders Portal,https://ec.europa.eu/info/funding-tenders/opportunities/portal/screen/opportunities/topic-details/horizon-miss-2026-02-cancer-01,"","","",Virtual Human Twin (VHT) Models for Cancer Research,accessibility,30,Prioridade baixa,Prioridade baixa: faltam sinais fortes de elegibilidade ou alinhamento municipal nos dados disponíveis.,Prazo com margem
eu-ft-horizon-cl3-2026-01-ssri-04,Development of ecosystem and next-generation capabilities for a secured European Critical Communication System in civil security,Horizon Europe,2026-05-06,2026-11-05,"€3,000,000 total; até €3,000,000/projeto",EU Funding & Tenders Portal,https://ec.europa.eu/info/funding-tenders/opportunities/portal/screen/opportunities/topic-details/horizon-cl3-2026-01-ssri-04,"",O texto da oportunidade indica requisitos de consórcio ou parceria; confirmar no aviso oficial.,"",Development of ecosystem and next-generation capabilities for a secured European Critical Communication System in civil security,climate,30,Prioridade baixa,Prioridade baixa: faltam sinais fortes de elegibilidade ou alinhamento municipal nos dados disponíveis.,Prazo com margem
eu-ft-life-2026-cet-enerpov,Alleviating household energy poverty in Europe,LIFE,2026-04-20,,"",EU Funding & Tenders Portal,https://ec.europa.eu/info/funding-tenders/opportunities/portal/screen/opportunities/topic-details/life-2026-cet-enerpov,"","","",Alleviating household energy poverty in Europe,"",20,Prioridade baixa,Prioridade baixa: faltam sinais fortes de elegibilidade ou alinhamento municipal nos dados disponíveis.,Prazo por confirmar
eu-ft-life-2026-cet-buildskills,BUILD UP Skills - National Platforms on energy efficiency skills for the clean energy transition,LIFE,2026-04-20,,"",EU Funding & Tenders Portal,https://ec.europa.eu/info/funding-tenders/opportunities/portal/screen/opportunities/topic-details/life-2026-cet-buildskills,"","","",BUILD UP Skills - National Platforms on energy efficiency skills for the clean energy transition,"",20,Prioridade baixa,Prioridade baixa: faltam sinais fortes de elegibilidade ou alinhamento municipal nos dados disponíveis.,Prazo por confirmar
eu-ft-erasmus-sport-2026-scp,Cooperation Partnerships,Erasmus+,2025-12-17,,"",EU Funding & Tenders Portal,https://ec.europa.eu/info/funding-tenders/opportunities/portal/screen/opportunities/topic-details/erasmus-sport-2026-scp,"",O texto da oportunidade indica requisitos de consórcio ou parceria; confirmar no aviso oficial.,"",Cooperation Partnerships,"",20,Prioridade baixa,Prioridade baixa: faltam sinais fortes de elegibilidade ou alinhamento municipal nos dados disponíveis.,Prazo por confirmar
eu-ft-life-2026-cet-enercom,Facilitating cooperation among energy communities,LIFE,2026-04-20,,"",EU Funding & Tenders Portal,https://ec.europa.eu/info/funding-tenders/opportunities/portal/screen/opportunities/topic-details/life-2026-cet-enercom,"","","",Facilitating cooperation among energy communities,"",20,Prioridade baixa,Prioridade baixa: faltam sinais fortes de elegibilidade ou alinhamento municipal nos dados disponíveis.,Prazo por confirmar
eu-ft-erasmus-sport-2026-sncese,Not-for-profit European sport events,Erasmus+,2025-12-17,,"",EU Funding & Tenders Portal,https://ec.europa.eu/info/funding-tenders/opportunities/portal/screen/opportunities/topic-details/erasmus-sport-2026-sncese,"","","",Not-for-profit European sport events,"",20,Prioridade baixa,Prioridade baixa: faltam sinais fortes de elegibilidade ou alinhamento municipal nos dados disponíveis.,Prazo por confirmar
eu-ft-life-2026-cet-pda,Project Development Assistance for sustainable energy investments,LIFE,2026-04-20,,"",EU Funding & Tenders Portal,https://ec.europa.eu/info/funding-tenders/opportunities/portal/screen/opportunities/topic-details/life-2026-cet-pda,"","","",Project Development Assistance for sustainable energy investments,"",20,Prioridade baixa,Prioridade baixa: faltam sinais fortes de elegibilidade ou alinhamento municipal nos dados disponíveis.,Prazo por confirmar
eu-ft-horizon-cl3-2026-01-ssri-03,Public procurement of innovation for security,Horizon Europe,2026-05-07,,"",EU Funding & Tenders Portal,https://ec.europa.eu/info/funding-tenders/opportunities/portal/screen/opportunities/topic-details/horizon-cl3-2026-01-ssri-03,"","","",Public procurement of innovation for security,"",20,Prioridade baixa,Prioridade baixa: faltam sinais fortes de elegibilidade ou alinhamento municipal nos dados disponíveis.,Prazo por confirmar
eu-ft-erasmus-sport-2026-sscp,Small-scale Partnerships,Erasmus+,2025-12-17,,"",EU Funding & Tenders Portal,https://ec.europa.eu/info/funding-tenders/opportunities/portal/screen/opportunities/topic-details/erasmus-sport-2026-sscp,"",O texto da oportunidade indica requisitos de consórcio ou parceria; confirmar no aviso oficial.,"",Small-scale Partnerships,"",20,Prioridade baixa,Prioridade baixa: faltam sinais fortes de elegibilidade ou alinhamento municipal nos dados disponíveis.,Prazo por confirmar
eu-ft-life-2026-cet-industry,Supporting the clean energy transition of European industry and businesses,LIFE,2026-04-20,,"",EU Funding & Tenders Portal,https://ec.europa.eu/info/funding-tenders/opportunities/portal/screen/opportunities/topic-details/life-2026-cet-industry,"","","",Supporting the clean energy transition of European industry and businesses,"",20,Prioridade baixa,Prioridade baixa: faltam sinais fortes de elegibilidade ou alinhamento municipal nos dados disponíveis.,Prazo por confirmar
eu-ft-life-2026-cet-policy,Towards an effective implementation of key legislation in the field of sustainable energy,LIFE,2026-04-20,,"",EU Funding & Tenders Portal,https://ec.europa.eu/info/funding-tenders/opportunities/portal/screen/opportunities/topic-details/life-2026-cet-policy,"","","",Towards an effective implementation of key legislation in the field of sustainable energy,"",20,Prioridade baixa,Prioridade baixa: faltam sinais fortes de elegibilidade ou alinhamento municipal nos dados disponíveis.,Prazo por confirmar
eu-ft-horizon-miss-2026-02-cancer-02,Microbiome for early cancer prediction before the onset of disease,Horizon Europe,2026-02-10,2026-09-15,"€15,000,000 total; até €15,000,000/projeto",EU Funding & Tenders Portal,https://ec.europa.eu/info/funding-tenders/opportunities/portal/screen/opportunities/topic-details/horizon-miss-2026-02-cancer-02,"",O texto da oportunidade indica requisitos de consórcio ou parceria; confirmar no aviso oficial.,"",Microbiome for early cancer prediction before the onset of disease,"",20,Prioridade baixa,Prioridade baixa: faltam sinais fortes de elegibilidade ou alinhamento municipal nos dados disponíveis.,Prazo com margem
